timeStamp,ws_bytes,private_bytes
1784071021374,1462272,38424576
1784071022449,1462272,38424576
1784071023482,1462272,38424576
1784071024537,1462272,38424576
1784071025565,1462272,38424576
1784071026613,1462272,38424576
1784071027645,1462272,38424576
1784071028670,1462272,38424576
1784071029699,1462272,38424576
1784071030731,1462272,38424576
1784071031761,1462272,38424576
1784071032786,1462272,38424576
1784071033826,1462272,38424576
1784071034864,1462272,38424576
1784071035891,1462272,38424576
1784071036932,1462272,38424576
1784071037960,1462272,38424576
1784071038996,1462272,38424576
1784071040034,1462272,38424576
1784071041119,1462272,38424576
1784071042160,1462272,38424576
1784071043197,1462272,38424576
1784071044238,1462272,38424576
1784071045271,1462272,38424576
1784071046294,1462272,38424576
1784071047330,1462272,38424576
1784071048364,1462272,38424576
1784071049391,1462272,38424576
1784071050432,1462272,38424576
1784071051464,1462272,38424576
1784071052492,1462272,38424576
1784071053533,1462272,38424576
1784071054564,1462272,38424576
1784071055592,1462272,38424576
1784071056622,24117248,38490112
1784071057653,29220864,39481344
1784071058686,30105600,40370176
1784071059712,29671424,39145472
1784071060753,30126080,39948288
1784071061789,30130176,39948288
1784071062816,30490624,41021440
1784071063845,30670848,41021440
1784071064881,30670848,41021440
1784071065914,700416,40095744
1784071066953,21221376,39387136
1784071067985,21221376,39387136
1784071069014,25522176,39567360
1784071070041,26431488,39555072
1784071071079,26357760,39555072
1784071072105,26869760,40210432
1784071073144,26869760,40210432
1784071074174,26730496,39874560
1784071075212,27828224,40255488
1784071076257,27844608,40255488
1784071077304,28262400,40624128
1784071078339,28155904,40280064
1784071079371,28155904,40280064
1784071080399,28459008,40304640
1784071081451,28721152,40423424
1784071082484,28721152,40423424
1784071083524,28774400,40189952
1784071084560,29085696,40230912
1784071085592,29085696,40230912
1784071086620,29216768,41463808
1784071087652,29229056,41463808
1784071088678,29425664,40763392
1784071089707,29839360,41734144
1784071090737,29839360,41734144
1784071091764,29577216,41422848
1784071092795,30498816,41734144
1784071093821,30498816,41734144
1784071094848,30470144,40906752
1784071095877,30507008,41115648
1784071096907,30507008,41115648
1784071097949,30941184,41164800
1784071099008,31039488,42004480
1784071100045,31039488,42004480
1784071101080,31375360,41234432
1784071102106,31379456,41234432
1784071103144,31481856,42004480
1784071104177,31518720,41603072
1784071105210,31518720,41603072
1784071106243,31789056,42545152
1784071107283,31809536,41832448
1784071108314,31809536,41832448
1784071109353,31846400,41709568
1784071110390,31858688,41656320
1784071111417,31858688,41656320
1784071112445,32071680,42758144
1784071113487,32116736,41881600
1784071114526,32124928,41881600
1784071115557,32325632,42815488
1784071116621,32710656,42438656
1784071117657,32710656,42438656
1784071118703,32854016,42438656
1784071119748,32940032,42438656
1784071120782,32743424,42934272
1784071121825,33239040,43085824
1784071122851,33239040,43085824
1784071123894,32882688,42303488
1784071124927,33292288,42586112
1784071125970,33292288,42586112
1784071126999,33202176,43356160
1784071128034,33173504,42360832
1784071129096,33173504,42360832
1784071130132,33509376,43614208
1784071131165,33288192,43565056
1784071132205,1429504,43565056
1784071133248,21164032,43626496
1784071134282,21397504,43626496
1784071135314,22077440,43626496
1784071136342,22319104,42905600
1784071137388,22388736,42905600
1784071138423,22761472,43184128
1784071139448,22712320,42926080
1784071140484,22712320,42926080
1784071141510,22913024,43892736
1784071142546,23236608,43302912
1784071143578,23236608,43302912
1784071144616,23609344,44158976
1784071145647,23642112,43687936
1784071146674,23642112,43687936
1784071147709,23932928,44003328
1784071148749,27582464,43687936
1784071149778,27656192,44388352
1784071150808,27992064,44437504
1784071151846,27992064,44437504
1784071152887,27922432,43970560
1784071153915,28139520,43999232
1784071154944,28139520,43999232
1784071155978,28241920,44580864
1784071157015,28336128,44695552
1784071158050,28336128,44695552
1784071159084,28512256,44695552
1784071160123,28602368,44695552
1784071161158,28602368,44695552
1784071162187,28475392,44675072
1784071163220,35885056,44978176
1784071164257,39026688,44978176
1784071165290,39145472,44978176
1784071166317,39149568,44978176
1784071167345,39424000,44978176
1784071168370,39329792,44281856
1784071169402,39333888,44539904
1784071170434,39550976,44654592
1784071171468,39473152,44072960
1784071172499,39473152,44072960
1784071173525,39825408,44634112
1784071174552,39710720,44310528
1784071175587,39710720,44310528
1784071176626,39870464,44961792
1784071177662,40275968,45154304
1784071178685,40275968,45154304
1784071179728,40402944,45154304
1784071180772,40108032,44204032
1784071181816,40108032,44204032
1784071182852,40345600,45154304
1784071183884,40345600,45154304
1784071184910,40361984,45154304
1784071185945,40443904,45154304
1784071186982,40443904,45154304
1784071188007,40574976,45154304
1784071189036,40169472,44359680
1784071190064,40169472,44359680
1784071191099,40284160,44429312
1784071192140,40251392,44130304
1784071193175,40251392,44130304
1784071194202,40607744,45027328
1784071195236,40767488,45027328
1784071196263,40767488,45027328
1784071197291,40460288,44269568
1784071198323,40722432,44535808
1784071199357,40722432,44535808
1784071200402,23150592,44515328
1784071201435,23302144,44515328
1784071202475,25120768,44224512
1784071203508,26075136,44535808
1784071204537,26075136,44535808
1784071205576,26071040,44015616
1784071206607,26681344,44630016
1784071207654,26681344,44630016
1784071208682,27033600,44666880
1784071209716,27455488,45080576
1784071210749,27455488,45080576
1784071211782,27529216,44232704
1784071212813,27582464,44470272
1784071213852,27582464,44470272
1784071214888,28037120,44527616
1784071215928,28041216,44527616
1784071216953,28151808,44507136
1784071217987,27996160,44138496
1784071219017,27996160,44138496
1784071220046,28180480,44187648
1784071221076,28545024,44523520
1784071222105,28545024,44523520
1784071223136,28577792,44527616
1784071224170,28852224,44527616
1784071225201,28852224,44527616
1784071226230,28741632,44449792
1784071227263,29659136,44662784
1784071228297,29659136,44662784
1784071229322,29868032,44642304
1784071230355,29868032,44642304
1784071231385,29913088,44679168
1784071232418,30093312,45043712
1784071233456,30093312,45043712
1784071234485,30269440,45043712
1784071235515,29933568,44396544
1784071236553,29933568,44396544
1784071237586,30019584,44359680
1784071238617,31051776,45301760
1784071239654,31051776,45301760
1784071240681,31285248,45748224
1784071241717,31064064,44392448
1784071242743,31064064,44392448
1784071243775,31232000,44417024
1784071244813,31313920,44417024
1784071245850,31399936,44658688
1784071246881,31834112,45285376
1784071247914,31838208,45285376
1784071248948,31473664,44642304
1784071249972,31965184,44920832
1784071251005,31965184,44920832
1784071252029,32092160,44920832
1784071253065,32112640,44920832
1784071254096,32112640,44920832
1784071255131,32182272,44920832
1784071256157,32182272,44920832
1784071257196,32243712,44920832
1784071258222,32092160,44683264
1784071259266,32092160,44683264
1784071260306,32411648,44920832
1784071261352,32534528,44920832
1784071262391,32534528,44920832
1784071263428,32792576,45285376
1784071264459,32354304,44478464
1784071265494,32354304,44478464
1784071266527,32776192,44982272
1784071267564,11591680,44982272
1784071268603,21389312,44523520
1784071269640,22208512,44773376
1784071270670,22327296,44773376
1784071271706,22847488,44986368
1784071272734,23412736,44986368
1784071273762,23412736,44986368
1784071274793,23146496,44539904
1784071275820,23744512,44986368
1784071276859,23744512,44986368
1784071277896,23592960,44597248
1784071278933,23838720,44851200
1784071279965,23838720,44851200
1784071280996,24059904,44986368
1784071282029,24109056,44986368
1784071283058,24109056,44986368
1784071284096,24264704,44986368
1784071285127,28012544,44986368
1784071286158,28250112,44986368
1784071287183,27889664,44539904
1784071288224,27893760,44539904
1784071289253,28246016,44851200
1784071290286,28131328,44535808
1784071291318,28131328,44535808
1784071292348,28332032,44724224
1784071293383,28303360,44441600
1784071294419,28303360,44441600
1784071295445,28925952,45125632
1784071296482,29007872,45125632
1784071297535,29007872,45125632
1784071298563,29241344,45285376
1784071299599,29372416,44441600
1784071300622,29372416,44441600
1784071301649,29712384,44920832
1784071302672,29859840,44920832
1784071303700,29732864,44515328
1784071304740,29908992,44748800
1784071305767,29908992,44748800
1784071306798,30072832,44748800
1784071307829,30388224,44920832
1784071308866,30388224,44920832
1784071309894,30507008,45162496
1784071310929,30920704,45809664
1784071311957,30920704,45809664
1784071312985,31080448,45289472
1784071314016,30945280,45166592
1784071315045,30945280,45166592
1784071316073,31105024,46465024
1784071317103,31346688,46473216
1784071318137,31346688,46473216
1784071319175,31367168,46477312
1784071320208,31367168,46477312
1784071321245,31608832,46477312
1784071322274,31272960,45412352
1784071323305,31272960,45412352
1784071324337,31453184,45604864
1784071325366,31768576,46100480
1784071326389,31768576,46100480
1784071327424,31891456,46100480
1784071328453,31457280,45273088
1784071329485,31457280,45273088
1784071330511,32002048,45998080
1784071331542,32120832,45998080
1784071332569,32124928,45998080
1784071333603,32305152,46272512
1784071334628,32305152,46272512
1784071335663,32243712,46223360
1784071336697,24502272,46411776
1784071337728,24539136,46411776
1784071338781,26169344,46325760
1784071339818,27103232,46555136
1784071340842,27103232,46555136
1784071341872,27066368,46284800
1784071342907,27566080,46825472
1784071343935,27566080,46825472
1784071344966,37826560,46186496
1784071345993,38686720,46817280
1784071347033,38686720,46817280
1784071348077,38436864,46608384
1784071349099,38436864,46608384
1784071350134,38715392,46862336
1784071351163,38989824,47378432
